str,en,ru,es
Settings,Settings,Настройки,Ajustes
Go back to Home Page,Go back to Home Page,Вернутся на Главную страницу,Volver a la página principal
Activity,Activity,Активность,Actividad
Saved,Saved,Сохраненные,Guardado
Last saves dhikrs,Last saves dhikrs,Последние сохраненные Зикры,Últimos dhikrs guardados
Edit Dhikr,Edit Dhikr,Редактировать Зикр,Editar Dhikr
Counter:,Counter:,Счетчик:,Encimera:
Delete,Delete,Удалить,Borrar
Save,Save,Сохранить,Ahorrar
Dhikr,Dhikr,Зикр,Dhikr
Enter title,Enter title,Введите заголовок,Introduzca el título
Save Dhikr,Save Dhikr,Сохранить Зикр,Guardar Dhikr